location_region,avg_risk_score
North America,45.155840047473845
South America,45.13682993481994
Asia,44.99409205308348
Africa,44.901247845093955
0,44.90044636570302
Europe,44.59929868093872
